source_sheet,source_row,sub,opener,company_name,authorized_person,phone,email,workbook_status,candidate_count,candidate_rank,candidate_npi,candidate_legal_name,candidate_state,candidate_practice_phone,candidate_address,candidate_authorized_official,candidate_auth_phone,candidate_title,candidate_last_update,exact_legal_name,phone_match,authorized_person_match,recommendation
"New Meetings","2","ORT+CGM+LYMPH W","Jasmine","DENISE V. LYONS MEDICAL SUPPLY HOUSE","DENISE V. LYONS","303-257-1938","denisevlyons@outlook.com","46197.0","1","1","1366915209","DENISE V. LYONS","CO","3032571938","3425 E 28TH AVE DENVER 802055025","DENISE LYONS","3032571938","OWNER","10/26/2021","False","True","False","Manual review ? unique phone match, but legal company name is not exact"
"New Meetings","5","Lab","Jane","ADVANCED LABORATORY SERVICES INC.","JASBIR ARORA JASBIR ARORA","484-324-6680","jasbir.arora@advanced-lab.com","46233.0","0","","","","","","","","","","","","","","No local NPPES candidate ? retain for external NPPES/manual research"
"New Meetings","6","Lab","Selene","MICROSEQDX","RAHUL SHARMA","225-573-2690","rsharma@microseqdx.com","46239.0","0","","","","","","","","","","","","","","No local NPPES candidate ? retain for external NPPES/manual research"
"New Meetings","9","Lab","Jimmy","DE LA LUZ LABORATORY LLC","MARIA ESMERALDA AMARO HERNANDEZ","312-415-7097","mariaeamaro700@gmail.com","46245.0","0","","","","","","","","","","","","","","No local NPPES candidate ? retain for external NPPES/manual research"
"New Meetings","11","Lab","Nora","PRIME DIAGNOSTICS LAB INC.","SYEDA HINA SHAKIL (CEO)","(425) 444-6076","primelabdiagnostics2019@gmail.com","46248.0","0","","","","","","","","","","","","","","No local NPPES candidate ? retain for external NPPES/manual research"
"New Meetings","13","Lab","Nora","DIAGNOSTIC TESTING SOLUTIONS INC","NADEEM AKHTAR","(773) 853-0883","dnask1@gmail.com","46251.0","0","","","","","","","","","","","","","","No local NPPES candidate ? retain for external NPPES/manual research"
"New Meetings","15","Lab","Jimmy","MNM LABORATORY CONSULTING, LLC","MASHUD OGUNLAJA","424-999-8698","info@mnmlabCONSULTING.com","46252.0","0","","","","","","","","","","","","","","No local NPPES candidate ? retain for external NPPES/manual research"
"New Meetings","19","Lab","Nora","BENDA HEALTH EDUCATION AND TESTING SERVICES LLC","BENDU DAWOLO","(281) 836-1869","bendacpr@gmail.com","46253.0","0","","","","","","","","","","","","","","No local NPPES candidate ? retain for external NPPES/manual research"
"New Meetings","20","Lab","Nora","WELCARE DIAGNOSTICS LLC","RINABEN VAGHELA MAKANI","(215) 285-8545","info@welcaredx.com","46253.0","0","","","","","","","","","","","","","","No local NPPES candidate ? retain for external NPPES/manual research"
